NamePlanet,NamePlanet_link,star_name,AltName,RAdeg,DECdeg,RadiusPlanet_EU,orbital_period_EU,semi_major_axis_EU,eccentricity_EU,inclination_EU,omega_EU,tzero_tr_EU,log_g_EU,magK_EU,star_Metallicity_EU,star_Radius_EU,star_Teff_EU,Tstar_Ex,FeH_star_Ex,Rstar_Ex,loggstar_Ex,semimajoraxis_Ex,Rpl_Ex
HD 106315 b,http://svo2.cab.inta-csic.es/vocats/v2/exostars/fichas/?id=235,HD 106315,HD 106315,183.4724817,-0.3934869,0.218,9.5521,0.09012,0.3,88.4,72,2457505.6521,,,-0.24,1.18,6290,,,,,,
HD 106315 c,http://svo2.cab.inta-csic.es/vocats/v2/exostars/fichas/?id=236,HD 106315,HD 106315,183.4724817,-0.3934869,0.352,21.0576,0.1526,0.23,89.42,106,2457511.131,,,-0.24,1.18,6290,,,,,,
K2-3  b,http://svo2.cab.inta-csic.es/vocats/v2/exostars/fichas/?id=257,UCAC4 443-054906,K2-3,172.33495,-1.454786,0.194,10.054626,0.0775,0.06,89.59,,2455813.4189,,8.561,-0.3,0.553,3951,,,,,,
K2-3 c,http://svo2.cab.inta-csic.es/vocats/v2/exostars/fichas/?id=258,UCAC4 443-054906,K2-3,172.33495,-1.454786,0.165,24.646582,0.1405,0.04,89.7,,2456812.28018,,8.561,-0.3,0.553,3951,,,,,,
K2-3 b,http://svo2.cab.inta-csic.es/vocats/v2/exostars/fichas/?id=405,UCAC4 443-054906,K2-3,172.33495,-1.454786,0.194,10.054626,0.0775,0.06,89.59,,2455813.419,,8.561,-0.3,0.553,3951,,,,,,
K2-3 d,http://svo2.cab.inta-csic.es/vocats/v2/exostars/fichas/?id=406,UCAC4 443-054906,K2-3,172.33495,-1.454786,0.136,44.5598,89.38,0.045,,,2456826.229,,8.561,-0.3,0.553,3951,,,,,,
K2-18 b,http://svo2.cab.inta-csic.es/vocats/v2/exostars/fichas/?id=256,K2-18,K2-18,172.560458,7.588392,0.2114,32.939623,0.1429,0.2,89.5785,,2457264.39144,,,0.09,0.394,3503,,,,,,
WASP-107 b,http://svo2.cab.inta-csic.es/vocats/v2/exostars/fichas/?id=379,TYC 5530-1795-1,WASP-107,188.386867,-10.14615,0.94,5.72149,0.055,,89.7,,2456514.4106,,,0.02,0.66,4430,,,,,,
WASP-127 b,http://svo2.cab.inta-csic.es/vocats/v2/exostars/fichas/?id=382,BD-03  2978,WASP-127,160.55868,-3.8350797,1.37,4.178062,0.052,,88.7,,2457248.74131,,,,1.39,5620,5750,-0.18,1.39,4.18,0.05,1.37
KELT-11 b,http://svo2.cab.inta-csic.es/vocats/v2/exostars/fichas/?id=262,HD 93396,KELT-11,161.7072527,-9.39902416,1.37,4.736529,0.06229,,85.8,,2457440.8323,,,0.18,2.72,5370,5370,0.18,2.72,3.73,0.06,1.37
WASP-31 b,http://svo2.cab.inta-csic.es/vocats/v2/exostars/fichas/?id=388,WASP-31,WASP-31,169.438987,-19.054781,1.537,3.405909,0.04657,,84.54,,2455192.6887,,,-0.19,1.24,6200,6175,-0.2,1.25,4.31,0.05,1.55
WASP-43 b,http://svo2.cab.inta-csic.es/vocats/v2/exostars/fichas/?id=392,GSC 05490-00141,WASP-43,154.908367,-9.806275,1.036,0.81347753,0.01526,0.0035,82.33,328,2455726.54336,,,-0.01,0.667,4520,4520,-0.01,0.67,4.64,0.02,1.04
GJ 436 b,http://svo2.cab.inta-csic.es/vocats/v2/exostars/fichas/?id=215,Ross 905,GJ436,175.5462217,26.7065703,0.38,2.64394,0.02887,0.1912,85.8,354.4,2454221.61588,,,-0.32,0.464,3684,3416,-0.03,0.46,4.83,0.03,0.37
HD 97658 b,http://svo2.cab.inta-csic.es/vocats/v2/exostars/fichas/?id=249,HD  97658,HD 97658,168.6381721,25.7103861,0.20047,9.4903,0.08,0.078,89.14,71,2456523.1254,,,-0.23,0.73,5170,5170,-0.23,0.74,4.58,0.08,0.2
HAT-P-26 b,http://svo2.cab.inta-csic.es/vocats/v2/exostars/fichas/?id=228,TYC  320-1027-1,HAT-P-26,213.1563863,4.06003,0.5647,4.234516,0.0479,0.124,88.6,54,2455304.65122,,,-0.04,0.788,5079,5011,0.01,0.79,4.56,0.05,0.56
HATS-7 b,http://svo2.cab.inta-csic.es/vocats/v2/exostars/fichas/?id=234,GSC 06148-00422,HATS-7,208.856975,-21.207683,0.563,3.185315,0.04012,,87.92,,,,,0.25,0.815,4985,,,,,,
WASP-39 b,http://svo2.cab.inta-csic.es/vocats/v2/exostars/fichas/?id=390,GSC 04980-00761,WASP-39,217.3267,-3.444492,1.27,4.055259,0.0486,,87.83,,2455342.9688,,,-0.12,0.895,5400,5460,-0.12,0.9,4.5,0.05,1.27
WASP-13 b,http://svo2.cab.inta-csic.es/vocats/v2/exostars/fichas/?id=383,TYC 2496-1114-1,WASP-13,140.1029575,33.8824214,1.365,4.353011,0.05379,,85.64,,2455575.5136,,,,,5826,6025,0.11,1.66,4.09,0.06,1.53
HAT-P-12 b,http://svo2.cab.inta-csic.es/vocats/v2/exostars/fichas/?id=222,GSC 03033-00706,HAT-P-12,209.3895,43.49353,0.9545917648,3.2130598,0.0384,,,,2454419.19556,,,-0.29,0.7,4650,4650,-0.29,0.7,4.61,0.04,0.94
GJ 1132 b,http://svo2.cab.inta-csic.es/vocats/v2/exostars/fichas/?id=211,GJ 1132,GJ1132,153.7162271,-47.1568464,0.1035,1.628931,0.0154,,,,2457184.55786,,,-0.12,0.207,3270,,,,,,
GJ 1132 c,http://svo2.cab.inta-csic.es/vocats/v2/exostars/fichas/?id=212,GJ 1132,GJ1132,153.7162271,-47.1568464,,8.929,0.0476,0.27,,,,,,-0.12,0.207,3270,,,,,,
55 Cnc b,http://svo2.cab.inta-csic.es/vocats/v2/exostars/fichas/?id=203,55 Cnc,rho 01 Cnc,133.1492122,28.33081975,,14.65314,0.11339,0.0023,89.73,110,,,,0.31,0.98,5196,5196,0.31,0.94,4.43,,
55 Cnc c,http://svo2.cab.inta-csic.es/vocats/v2/exostars/fichas/?id=204,55 Cnc,rho 01 Cnc,133.1492122,28.33081975,,44.373,0.23735,0.072,,356,,,,0.31,0.98,5196,5196,0.31,0.94,4.43,,
55 Cnc d,http://svo2.cab.inta-csic.es/vocats/v2/exostars/fichas/?id=205,55 Cnc,rho 01 Cnc,133.1492122,28.33081975,,4867,5.446,0.0269,,254,,,,0.31,0.98,5196,5196,0.31,0.94,4.43,,
55 Cnc e,http://svo2.cab.inta-csic.es/vocats/v2/exostars/fichas/?id=206,55 Cnc,rho 01 Cnc,133.1492122,28.33081975,0.1737,0.7365478,0.015439,0.028,90.36,170,2455962.0697,,,0.31,0.98,5196,5196,0.31,0.94,4.43,0.02,0.17
55 Cnc f,http://svo2.cab.inta-csic.es/vocats/v2/exostars/fichas/?id=207,55 Cnc,rho 01 Cnc,133.1492122,28.33081975,,260.91,0.7733,0.08,,139,,,,0.31,0.98,5196,5196,0.31,0.94,4.43,,
HAT-P-3 b,http://svo2.cab.inta-csic.es/vocats/v2/exostars/fichas/?id=229,TYC 3466-819-1,HAT-P-3,206.0941454,48.0286694,0.827,2.899703,0.03866,,87.07,,2454856.70118,,9.448,0.41,0.799,5224,5185,0.27,0.87,4.51,0.04,0.95
WASP-19 b,http://svo2.cab.inta-csic.es/vocats/v2/exostars/fichas/?id=386,GSC 08181-01711,WASP-19,148.416988,-45.659183,1.395,0.78884,0.01616,0.0046,79.4,3,2455168.96801,,,0.02,1.004,5500,5460,0.14,1.02,4.39,0.02,1.41
HIP 41378 b,http://svo2.cab.inta-csic.es/vocats/v2/exostars/fichas/?id=251,BD+10  1799,HIP 41378,126.6160379,10.0803708,0.26,15.5712,,,88.4,,2457152.2844,,,-0.11,1.4,6199,,,,,,
HIP 41378 c,http://svo2.cab.inta-csic.es/vocats/v2/exostars/fichas/?id=252,BD+10  1799,HIP 41378,126.6160379,10.0803708,0.228,31.6978,,,89.58,,2457163.1659,,,-0.11,1.4,6199,,,,,,
HIP 41378 d,http://svo2.cab.inta-csic.es/vocats/v2/exostars/fichas/?id=253,BD+10  1799,HIP 41378,126.6160379,10.0803708,0.353,157,,,,,2457166.2629,,,-0.11,1.4,6199,,,,,,
HIP 41378 e,http://svo2.cab.inta-csic.es/vocats/v2/exostars/fichas/?id=254,BD+10  1799,HIP 41378,126.6160379,10.0803708,0.492,131,,,,,2457142.01656,,,-0.11,1.4,6199,,,,,,
HIP 41378 f,http://svo2.cab.inta-csic.es/vocats/v2/exostars/fichas/?id=255,BD+10  1799,HIP 41378,126.6160379,10.0803708,0.91,324,,,,,2457186.91451,,,-0.11,1.4,6199,,,,,,
GJ 3470 b,http://svo2.cab.inta-csic.es/vocats/v2/exostars/fichas/?id=214,GJ  3470,GJ3470,119.7743427,15.3914487,0.3738074294,3.336649,0.03557,0.114,88.3,278,2455953.663,,,0.2,0.48,3652,3652,0.17,0.48,4.78,0.04,0.35
WASP-17 b,http://svo2.cab.inta-csic.es/vocats/v2/exostars/fichas/?id=384,TYC 6787-1927-1,WASP-17,239.9622803,-28.0617576,1.991,3.735438,0.0515,0.028,86.83,277.4,2454577.85806,,,-0.19,1.38,6650,6550,-0.25,1.58,4.15,0.05,1.93
K2-33 b,http://svo2.cab.inta-csic.es/vocats/v2/exostars/fichas/?id=259,2MASS J16101473-1919095,K2-33,242.561408,-19.319319,0.451,5.42513,0.0409,,89.1,,2456898.69288,,,,1.06,3540,,,,,,
HAT-P-13 b,http://svo2.cab.inta-csic.es/vocats/v2/exostars/fichas/?id=223,TYC 3416-543-1,HAT-P-13,129.882555,47.3520361,1.28,2.916243,0.0426,0.0142,83.3,223,2455176.5388,,,0.43,1.56,5638,5653,0.41,1.76,4.07,0.04,1.49
HAT-P-13 c,http://svo2.cab.inta-csic.es/vocats/v2/exostars/fichas/?id=224,TYC 3416-543-1,HAT-P-13,129.882555,47.3520361,,446.27,1.186,0.6616,,175.29,,,,0.43,1.56,5638,5653,0.41,1.76,4.07,,
XO-1 b,http://svo2.cab.inta-csic.es/vocats/v2/exostars/fichas/?id=403,BD+28  2507,XO-1,240.5493625,28.1695614,1.184,3.9415128,0.0488,,89.31,,2453808.91682,,,,0.928,,5750,0.02,0.94,4.51,0.05,1.21
WASP-103 b,http://svo2.cab.inta-csic.es/vocats/v2/exostars/fichas/?id=378,2MASS J16371556+0711000,WASP-103,249.314867,7.183353,1.528,0.925542,0.01985,,86.3,,2456459.59957,,,0.06,1.436,6110,6110,0.06,1.41,4.22,0.02,1.65
HD 149026 b,http://svo2.cab.inta-csic.es/vocats/v2/exostars/fichas/?id=237,HD 149026,HD 149026,247.6234104,38.3473078,0.718,2.8758916,0.04288,,85.3,,2454597.70713,,,0.36,1.497,6147,6147,0.36,1.54,4.19,0.04,0.81
XO-2N b,http://svo2.cab.inta-csic.es/vocats/v2/exostars/fichas/?id=404,TYC 3413-5-1,XO-2N,117.02695,50.225822,0.973,2.615838,0.0369,0.045,88.7,,2454147.74902,,,0.45,0.964,5340,5332,0.43,1,4.44,0.04,1.02
WASP-121 b,http://svo2.cab.inta-csic.es/vocats/v2/exostars/fichas/?id=381,TYC 7630-352-1,WASP-121,107.6002479,-39.0973783,1.865,1.2749255,0.02544,0.02,87.6,,2456635.70832,,,0.13,1.458,6460,6460,0.13,1.46,4.24,0.03,1.86
CoRoT-1 b,http://svo2.cab.inta-csic.es/vocats/v2/exostars/fichas/?id=208,CoRoT-1,CoRoT-1,102.079883,-3.102133,1.49,1.5089557,0.0254,,83.96,,2454159.4532,,,0.06,1.11,6298,,,,,,
HAT-P-18 b,http://svo2.cab.inta-csic.es/vocats/v2/exostars/fichas/?id=227,GSC 02594-00646,HAT-P-18,256.346462,33.012492,0.947,5.508029,0.0559,0.106,88.79,120,2454715.02254,2.734,,0.1,0.717,4870,4870,0.1,0.72,4.61,0.06,0.95
GJ 1214 b,http://svo2.cab.inta-csic.es/vocats/v2/exostars/fichas/?id=213,GJ 1214,GJ1214,258.82892,4.96381,0.2382018703,1.58040482,0.01411,0.27,88.17,,2455391.65402,,,0.39,0.216,3026,3026,0.39,0.22,4.94,0.01,0.25
WASP-101 b,http://svo2.cab.inta-csic.es/vocats/v2/exostars/fichas/?id=377,CPD-23  1329,WASP-101,98.3511142,-23.4861928,1.41,3.585722,0.0506,,85,,2456164.6934,,,0.2,1.29,6400,6380,0.2,1.29,4.34,0.05,1.41
WASP-12 b,http://svo2.cab.inta-csic.es/vocats/v2/exostars/fichas/?id=380,WASP-12,WASP-12,97.6366429,29.6723019,1.9,1.0914203,0.0234,,83.37,,2456176.66826,,10.19,0.3,1.657,6360,6313,0.21,1.66,4.16,0.02,1.9
WASP-63 b,http://svo2.cab.inta-csic.es/vocats/v2/exostars/fichas/?id=396,TYC 7612-556-1,WASP-63,94.3364538,-38.3232703,1.43,4.37809,0.0574,,87.8,,2455921.6527,,,0.08,1.88,5550,5715,0.28,1.88,4.01,0.06,1.43
TrES-3 b,http://svo2.cab.inta-csic.es/vocats/v2/exostars/fichas/?id=375,Tres 3,Tres 3,268.02924,37.54618,1.305,1.30618608,0.0226,,81.93,,2454538.58069,,,-0.19,0.813,5720,,,,,,
TrES-4 b,http://svo2.cab.inta-csic.es/vocats/v2/exostars/fichas/?id=376,NAME TrES-4 Parent Star,TrES-4 parent star,268.3043758,37.2118319,1.706,3.5539268,0.05084,,82.81,,2454230.90524,,,0.14,1.798,6200,6295,0.28,1.83,4.09,0.05,1.84
WASP-62 b,http://svo2.cab.inta-csic.es/vocats/v2/exostars/fichas/?id=395,CPD-64   484,WASP-62,87.1399658,-63.9884367,1.39,4.411953,0.0567,,88.3,,2455855.39195,,,0.04,1.28,6230,6230,0.04,1.28,4.32,0.06,1.39
Kepler-94 b,http://svo2.cab.inta-csic.es/vocats/v2/exostars/fichas/?id=365,KOI-104,Kepler-94,281.1947672,47.49715187,0.313,2.50806,,,,,,,10.594,0.34,0.76,4781,,,,,,
Kepler-94 c,http://svo2.cab.inta-csic.es/vocats/v2/exostars/fichas/?id=366,KOI-104,Kepler-94,281.1947672,47.49715187,,820,,,,,,,10.594,0.34,0.76,4781,,,,,,
Kepler-102 b,http://svo2.cab.inta-csic.es/vocats/v2/exostars/fichas/?id=266,KOI-82,Kepler-102,281.4827339,47.20801209,0.042,5.28696,0.055,,,,,,9.351,0.18,0.76,4809,,,,,,
Kepler-102 c,http://svo2.cab.inta-csic.es/vocats/v2/exostars/fichas/?id=267,KOI-82,Kepler-102,281.4827339,47.20801209,0.052,7.07142,0.067,,,,,,9.351,0.18,0.76,4809,,,,,,
Kepler-102 d,http://svo2.cab.inta-csic.es/vocats/v2/exostars/fichas/?id=268,KOI-82,Kepler-102,281.4827339,47.20801209,0.104,10.3117,,,,,,,9.351,0.18,0.76,4809,,,,,,
Kepler-102 e,http://svo2.cab.inta-csic.es/vocats/v2/exostars/fichas/?id=269,KOI-82,Kepler-102,281.4827339,47.20801209,0.198,16.14569,0.117,,89.56,360,,,9.351,0.18,0.76,4809,,,,,,
Kepler-102 f,http://svo2.cab.inta-csic.es/vocats/v2/exostars/fichas/?id=270,KOI-82,Kepler-102,281.4827339,47.20801209,0.079,27.4536,0.165,,,,,,9.351,0.18,0.76,4809,,,,,,
Kepler-410 A b,http://svo2.cab.inta-csic.es/vocats/v2/exostars/fichas/?id=329,HD 175289,Kepler-410,283.1506671,45.1398186,0.2531898531,17.833648,0.1236,0.17,87.72,270,2455014.22232,,,0.09,1.41,6375,,,,,,
Kepler-62 b,http://svo2.cab.inta-csic.es/vocats/v2/exostars/fichas/?id=346,KOI-701,Kepler-62,283.2127162,45.34983335,0.117,5.714932,0.0553,,89.2,,2455003.9189,,,-0.21,0.63,4869,,,,,,
Kepler-62 c,http://svo2.cab.inta-csic.es/vocats/v2/exostars/fichas/?id=347,KOI-701,Kepler-62,283.2127162,45.34983335,0.048,12.4417,0.0929,,89.7,,2454967.651,,,-0.21,0.63,4869,,,,,,
Kepler-62 d,http://svo2.cab.inta-csic.es/vocats/v2/exostars/fichas/?id=348,KOI-701,Kepler-62,283.2127162,45.34983335,0.174,18.16406,0.12,,89.7,,2455013.8117,,,-0.21,0.63,4869,,,,,,
Kepler-62 e,http://svo2.cab.inta-csic.es/vocats/v2/exostars/fichas/?id=349,KOI-701,Kepler-62,283.2127162,45.34983335,0.144,122.3874,0.427,,89.98,,2454983.404,,,-0.21,0.63,4869,,,,,,
Kepler-62 f,http://svo2.cab.inta-csic.es/vocats/v2/exostars/fichas/?id=350,KOI-701,Kepler-62,283.2127162,45.34983335,0.126,267.291,0.718,,89.9,,2455412.71,,,-0.21,0.63,4869,,,,,,
KELT-7 b,http://svo2.cab.inta-csic.es/vocats/v2/exostars/fichas/?id=263,HD  33643,KELT-7,78.2955375,33.3181667,1.533,2.7347749,0.04415,,83.76,,2456223.9592,,,0.139,1.732,6789,6789,0.14,1.73,4.15,0.04,1.53
Kepler-10 b,http://svo2.cab.inta-csic.es/vocats/v2/exostars/fichas/?id=264,Kepler-10,Kepler-10,285.6794218,50.24130577,0.1311,0.83749026,0.01685,0.06,84.8,,2455034.08687,,,-0.15,1.065,5708,,,,,,
Kepler-10 c,http://svo2.cab.inta-csic.es/vocats/v2/exostars/fichas/?id=265,Kepler-10,Kepler-10,285.6794218,50.24130577,0.2097,45.294301,0.241,0.05,89.59,,2455062.26648,,,-0.15,1.065,5708,,,,,,
Kepler-37 b,http://svo2.cab.inta-csic.es/vocats/v2/exostars/fichas/?id=326,KOI-245,Kepler-37,284.0596157,44.51816368,0.0285,13.367308,0.1003,,88.63,,2455017.03271,,,-0.32,0.77,5417,,,,,,
Kepler-37 c,http://svo2.cab.inta-csic.es/vocats/v2/exostars/fichas/?id=327,KOI-245,Kepler-37,284.0596157,44.51816368,0.0669106377,21.301886,0.1368,,89.07,,2455024.83816,,,-0.32,0.77,5417,,,,,,
Kepler-37 d,http://svo2.cab.inta-csic.es/vocats/v2/exostars/fichas/?id=328,KOI-245,Kepler-37,284.0596157,44.51816368,0.1730755162,39.792187,0.2076,,89.335,,2455008.24979,,,-0.32,0.77,5417,,,,,,
Kepler-26 b,http://svo2.cab.inta-csic.es/vocats/v2/exostars/fichas/?id=321,KOI-250,Kepler-26,284.9410029,46.56651057,0.248,12.2829,0.085,,,,2454978.8321,,,-0.21,0.59,4500,,,,,,
Kepler-26 c,http://svo2.cab.inta-csic.es/vocats/v2/exostars/fichas/?id=322,KOI-250,Kepler-26,284.9410029,46.56651057,0.243,17.2513,0.107,,,,2454982.8854,,,-0.21,0.59,4500,,,,,,
Kepler-26 e,http://svo2.cab.inta-csic.es/vocats/v2/exostars/fichas/?id=323,KOI-250,Kepler-26,284.9410029,46.56651057,0.215,46.827915,0.22,,,,,,,-0.21,0.59,4500,,,,,,
Kepler-504 b,http://svo2.cab.inta-csic.es/vocats/v2/exostars/fichas/?id=338,KOI-249,Kepler-504,284.9218419,45.97237691,0.142,9.54927542,,,,,,,11.155,-0.31,0.33,3519,,,,,,
Kepler-127 b,http://svo2.cab.inta-csic.es/vocats/v2/exostars/fichas/?id=285,KOI-271,Kepler-127,285.189953,46.02796985,0.136,14.43577,0.125,0.47,,,,,10.234,-0.154,1.36,6106,,,,,,
Kepler-127 c,http://svo2.cab.inta-csic.es/vocats/v2/exostars/fichas/?id=286,KOI-271,Kepler-127,285.189953,46.02796985,0.2131,29.39344,0.2,0.03,,,,,10.234,-0.154,1.36,6106,,,,,,
Kepler-127 d,http://svo2.cab.inta-csic.es/vocats/v2/exostars/fichas/?id=287,KOI-271,Kepler-127,285.189953,46.02796985,0.238,48.62997,0.28,0.03,,,,,10.234,-0.154,1.36,6106,,,,,,
Kepler-236 b,http://svo2.cab.inta-csic.es/vocats/v2/exostars/fichas/?id=313,KOI-817,Kepler-236,283.8663766,39.89809971,0.14,8.295611,0.065,,,,,,12.312,0.119,0.51,3750,,,,,,
Kepler-236 c,http://svo2.cab.inta-csic.es/vocats/v2/exostars/fichas/?id=314,KOI-817,Kepler-236,283.8663766,39.89809971,0.178,23.968127,0.132,,,,,,12.312,0.119,0.51,3750,,,,,,
TrES-2 b,http://svo2.cab.inta-csic.es/vocats/v2/exostars/fichas/?id=374,Kepler-1,TrES-2 parent star,286.8084871,49.3164158,1.189,2.4706133738,0.03555,,83.908,,2453957.6355,,,-0.15,1,5850,,,,,,
Kepler-205 b,http://svo2.cab.inta-csic.es/vocats/v2/exostars/fichas/?id=307,KOI-663,Kepler-205,285.287111,41.86115786,0.135,2.75564,0.032,,,,,,10.833,-0.149,0.55,4321,,,,,,
Kepler-205 c,http://svo2.cab.inta-csic.es/vocats/v2/exostars/fichas/?id=308,KOI-663,Kepler-205,285.287111,41.86115786,0.146,20.306546,0.122,,,,,,10.833,-0.149,0.55,4321,,,,,,
Kepler-13 A b,http://svo2.cab.inta-csic.es/vocats/v2/exostars/fichas/?id=288,BD+46  2629,KOI-13,286.97128,46.8683203,2.042,1.7633587,,,85.135,,2455138.7439,,,-0.14,2.55,8500,,,,,,
Kepler-16 (AB) b,http://svo2.cab.inta-csic.es/vocats/v2/exostars/fichas/?id=294,Kepler-16,KEPLER-16,289.075729,51.757433,0.7538,228.776,0.7048,0.00685,90.0322,318,2455212.12316,,,-0.3,0.65,4450,,,,,,
Kepler-14 b,http://svo2.cab.inta-csic.es/vocats/v2/exostars/fichas/?id=292,KOI-98,Kepler-14,287.708792,47.333019,1.136,6.790123,,0.035,90,,,,,0.12,2.048,6395,,,,,,
Kepler-9 b,http://svo2.cab.inta-csic.es/vocats/v2/exostars/fichas/?id=361,Kepler-9,KEPLER-9,285.573983,38.400883,0.732,19.22418,0.143,0.0626,87.1,356.9,2455073.43381,,,0.17,1.1,5722,,,,,,
Kepler-9 c,http://svo2.cab.inta-csic.es/vocats/v2/exostars/fichas/?id=362,Kepler-9,KEPLER-9,285.573983,38.400883,0.74,38.969,0.229,0.0684,87.2,169.3,2455164.18301,,,0.17,1.1,5722,,,,,,
Kepler-9 d,http://svo2.cab.inta-csic.es/vocats/v2/exostars/fichas/?id=363,Kepler-9,KEPLER-9,285.573983,38.400883,0.1784283673,1.592851,0.0273,,,,2455015.094,,,0.17,1.1,5722,,,,,,
Kepler-22 b,http://svo2.cab.inta-csic.es/vocats/v2/exostars/fichas/?id=312,KOI-87,Kepler-22,289.2174601,47.88442987,0.21,289.8623,0.849,,89.764,,2454966.6983,,,-0.29,0.979,5518,,,,,,
Kepler-25 b,http://svo2.cab.inta-csic.es/vocats/v2/exostars/fichas/?id=318,KOI-244,Kepler-25,286.6383931,39.48787721,0.2411,6.2385369,0.068,0.05,,,2454973.5126,,,0.01,1.36,6190,,,,,,
Kepler-25 c,http://svo2.cab.inta-csic.es/vocats/v2/exostars/fichas/?id=319,KOI-244,Kepler-25,286.6383931,39.48787721,0.4598,12.7203678,0.11,0.01,,,2454986.0871,,,0.01,1.36,6190,,,,,,
Kepler-25 d,http://svo2.cab.inta-csic.es/vocats/v2/exostars/fichas/?id=320,KOI-244,Kepler-25,286.6383931,39.48787721,,123,,,,,,,,0.01,1.36,6190,,,,,,
Kepler-104 b,http://svo2.cab.inta-csic.es/vocats/v2/exostars/fichas/?id=271,Kepler-104,Kepler-104,287.6046368,42.16673748,0.277,11.427548,0.094,,,,,,11.209,-0.777,1.35,5711,,,,,,
Kepler-104 c,http://svo2.cab.inta-csic.es/vocats/v2/exostars/fichas/?id=272,Kepler-104,Kepler-104,287.6046368,42.16673748,0.279,23.668205,0.153,,,,,,11.209,-0.777,1.35,5711,,,,,,
Kepler-104 d,http://svo2.cab.inta-csic.es/vocats/v2/exostars/fichas/?id=273,Kepler-104,Kepler-104,287.6046368,42.16673748,0.319,51.755394,0.257,,,,,,11.209,-0.777,1.35,5711,,,,,,
Kepler-20 b,http://svo2.cab.inta-csic.es/vocats/v2/exostars/fichas/?id=301,Kepler-20,Kepler-20,287.6980145,42.33869427,0.1667,3.69611525,0.0463,0.03,87.355,,2454967.50201,,,0.02,0.944,5466,,,,,,
Kepler-20 c,http://svo2.cab.inta-csic.es/vocats/v2/exostars/fichas/?id=302,Kepler-20,Kepler-20,287.6980145,42.33869427,0.2718,10.85409089,0.0949,0.16,89.815,,2454971.60795,,,0.02,0.944,5466,,,,,,
Kepler-20 d,http://svo2.cab.inta-csic.es/vocats/v2/exostars/fichas/?id=303,Kepler-20,Kepler-20,287.6980145,42.33869427,0.2448,77.61130017,0.3506,0.6,89.708,,2454997.7303,,,0.02,0.944,5466,,,,,,
Kepler-20 e,http://svo2.cab.inta-csic.es/vocats/v2/exostars/fichas/?id=304,Kepler-20,Kepler-20,287.6980145,42.33869427,0.0772,6.09852281,0.0639,,87.632,,2454968.93154,,,0.02,0.944,5466,,,,,,
Kepler-20 f,http://svo2.cab.inta-csic.es/vocats/v2/exostars/fichas/?id=305,Kepler-20,Kepler-20,287.6980145,42.33869427,0.08948,19.57758478,0.1396,,88.788,,2454968.20706,,,0.02,0.944,5466,,,,,,
Kepler-20 g,http://svo2.cab.inta-csic.es/vocats/v2/exostars/fichas/?id=306,Kepler-20,Kepler-20,287.6980145,42.33869427,,34.94,0.2055,0.15,,,2454967.50027,,,0.02,0.944,5466,,,,,,
Kepler-505 b,http://svo2.cab.inta-csic.es/vocats/v2/exostars/fichas/?id=339,KOI-255.01,Kepler-505,287.8580908,42.54262471,0.232,27.52197994,,,,,,,12.08,-0.19,0.53,3931,,,,,,
Kepler-68 b,http://svo2.cab.inta-csic.es/vocats/v2/exostars/fichas/?id=351,KOI-246,Kepler-68,291.0323584,49.04025783,0.206,5.3987533,0.0617,0.02,87.6,,2455006.85729,,,0.12,1.243,5793,,,,,,
Kepler-68 c,http://svo2.cab.inta-csic.es/vocats/v2/exostars/fichas/?id=352,KOI-246,Kepler-68,291.0323584,49.04025783,0.0827,9.604979,0.09059,0.42,86.93,,2454969.3805,,,0.12,1.243,5793,,,,,,
Kepler-68 d,http://svo2.cab.inta-csic.es/vocats/v2/exostars/fichas/?id=353,KOI-246,Kepler-68,291.0323584,49.04025783,,625,1.4,0.18,,,,,,0.12,1.243,5793,,,,,,
Kepler-454 b,http://svo2.cab.inta-csic.es/vocats/v2/exostars/fichas/?id=331,KOI-273,Kepler-454,287.4785277,38.22886717,0.211,10.57375339,0.0954,,87.09,,2455008.06758,,,0.32,1.066,5687,,,,,,
Kepler-454 c,http://svo2.cab.inta-csic.es/vocats/v2/exostars/fichas/?id=332,KOI-273,Kepler-454,287.4785277,38.22886717,,523.9,1.286,0.021,,337.4,,,,0.32,1.066,5687,,,,,,
Kepler-126 b,http://svo2.cab.inta-csic.es/vocats/v2/exostars/fichas/?id=282,KOI-260,Kepler-126,289.3472944,44.20853052,0.1284,10.495634,0.099,0.07,,,,,9.344,,1.36,6239,,,,,,
Kepler-126 c,http://svo2.cab.inta-csic.es/vocats/v2/exostars/fichas/?id=283,KOI-260,Kepler-126,289.3472944,44.20853052,0.1336,21.86964,0.162,0.19,,,,,9.344,,1.36,6239,,,,,,
Kepler-126 d,http://svo2.cab.inta-csic.es/vocats/v2/exostars/fichas/?id=284,KOI-260,Kepler-126,289.3472944,44.20853052,0.2242,100.28208,0.448,0.02,,,,,9.344,,1.36,6239,,,,,,
Kepler-705 b,http://svo2.cab.inta-csic.es/vocats/v2/exostars/fichas/?id=354,KOI-854,Kepler-705,289.508499,41.8121019,0.188,56.0560538,,,,,,,12.536,0.07,0.51,3722,,,,,,
HAT-P-7 b,http://svo2.cab.inta-csic.es/vocats/v2/exostars/fichas/?id=233,BD+47  2846,HAT-P-7,292.2473058,47.9695081,1.431,2.204735471,0.0379,,84.1,,2454731.68039,,,0.13,2,6259,,,,,,
Kepler-138 b,http://svo2.cab.inta-csic.es/vocats/v2/exostars/fichas/?id=289,Kepler-138,KEPLER-138,290.381546,43.292972,0.052,10.31320643,0.0746,,89.95,,2454966.51557,,9.506,,0.53,4079,,,,,,
Kepler-138 c,http://svo2.cab.inta-csic.es/vocats/v2/exostars/fichas/?id=290,Kepler-138,KEPLER-138,290.381546,43.292972,0.144,13.78164,,0.05,,72,,,9.506,,0.53,4079,,,,,,
Kepler-138 d,http://svo2.cab.inta-csic.es/vocats/v2/exostars/fichas/?id=291,Kepler-138,KEPLER-138,290.381546,43.292972,0.1436,23.08933,,0.024,,170,,,9.506,,0.53,4079,,,,,,
Kepler-737 b,http://svo2.cab.inta-csic.es/vocats/v2/exostars/fichas/?id=355,KOI-947.01,Kepler-737 b,291.862854,46.42924696,0.175,28.59915399,,,,,,,12.097,-0.24,0.48,3813,,,,,,
Kepler-19 b,http://svo2.cab.inta-csic.es/vocats/v2/exostars/fichas/?id=298,KOI-84,Kepler-19,290.4208316,37.85178785,0.198,9.2869944,0.085,0.12,89.94,59.1,2454959.70597,,,-0.13,0.85,5541,,,,,,
Kepler-19 c,http://svo2.cab.inta-csic.es/vocats/v2/exostars/fichas/?id=299,KOI-84,Kepler-19,290.4208316,37.85178785,,28.731,,0.21,,23.8,,,,-0.13,0.85,5541,,,,,,
Kepler-19 d,http://svo2.cab.inta-csic.es/vocats/v2/exostars/fichas/?id=300,KOI-84,Kepler-19,290.4208316,37.85178785,,62.95,,0.05,,55.2,,,,-0.13,0.85,5541,,,,,,
Kepler-93 b,http://svo2.cab.inta-csic.es/vocats/v2/exostars/fichas/?id=364,KOI-69,Kepler-93,291.4182859,38.67233648,0.1323046343,4.72673978,0.053,,89.49,,,3.26,,-0.18,0.919,5669,,,,,,
Kepler-51 b,http://svo2.cab.inta-csic.es/vocats/v2/exostars/fichas/?id=340,Kepler-51,Kepler-51,296.479775,49.937683,0.633,45.1555023,0.2514,0.04,,,2454992.10435,,,,0.91,5803,,,,,,
Kepler-51 c,http://svo2.cab.inta-csic.es/vocats/v2/exostars/fichas/?id=341,Kepler-51,Kepler-51,296.479775,49.937683,0.803,85.3128662,0.384,0.014,,,2455128.32095,,,,0.91,5803,,,,,,
Kepler-51 d,http://svo2.cab.inta-csic.es/vocats/v2/exostars/fichas/?id=342,Kepler-51,Kepler-51,296.479775,49.937683,0.865,130.194,0.509,0.008,,,2455695.9323,,,,0.91,5803,,,,,,
Kepler-49 b,http://svo2.cab.inta-csic.es/vocats/v2/exostars/fichas/?id=334,KOI-248,Kepler-49,292.294564,40.59179384,0.24,7.2037945,,,,,2455003.28753,,,,0.53,3974,,,,,,
Kepler-49 c,http://svo2.cab.inta-csic.es/vocats/v2/exostars/fichas/?id=335,KOI-248,Kepler-49,292.294564,40.59179384,0.23,10.9129343,,,,,2455002.84919,,,,0.53,3974,,,,,,
Kepler-49 d,http://svo2.cab.inta-csic.es/vocats/v2/exostars/fichas/?id=336,KOI-248,Kepler-49,292.294564,40.59179384,0.143,2.576549,0.031,,,,,,,,0.53,3974,,,,,,
Kepler-49 e,http://svo2.cab.inta-csic.es/vocats/v2/exostars/fichas/?id=337,KOI-248,Kepler-49,292.294564,40.59179384,0.139,18.596108,0.116,,,,,,,,0.53,3974,,,,,,
Kepler-218 b,http://svo2.cab.inta-csic.es/vocats/v2/exostars/fichas/?id=309,KOI-711,Kepler-218,295.4128279,46.26649028,0.132,3.619337,0.046,,,,,,12.311,0.194,1.06,5502,,,,,,
Kepler-218 c,http://svo2.cab.inta-csic.es/vocats/v2/exostars/fichas/?id=310,KOI-711,Kepler-218,295.4128279,46.26649028,0.28,44.699576,0.248,,,,,,12.311,0.194,1.06,5502,,,,,,
Kepler-218 d,http://svo2.cab.inta-csic.es/vocats/v2/exostars/fichas/?id=311,KOI-711,Kepler-218,295.4128279,46.26649028,0.237,124.5244647,,,,,,,12.311,0.194,1.06,5502,,,,,,
Kepler-598 b,http://svo2.cab.inta-csic.es/vocats/v2/exostars/fichas/?id=344,KOI-555.02,KOI-555.02,293.1234289,40.93477344,0.134,3.70175428,,,,,,,12.931,0.02,0.86,5307,,,,,,
Kepler-538 b,http://svo2.cab.inta-csic.es/vocats/v2/exostars/fichas/?id=343,KOI-365.01,Kepler-538,297.486878,49.62343217,0.202,81.73780699,,,,,,,9.645,-0.05,0.9,5650,,,,,,
Kepler-482 b,http://svo2.cab.inta-csic.es/vocats/v2/exostars/fichas/?id=333,KOI-174.01,Kepler-482,296.8228543,48.10755366,0.211,56.35418576,,,,,,,11.536,-0.13,0.72,4871,,,,,,
HAT-P-11 b,http://svo2.cab.inta-csic.es/vocats/v2/exostars/fichas/?id=220,BD+47  2936,HAT-P-11,297.7093621,48.0808614,0.389,4.887802443,0.053,0.265,89.05,198,2454605.89132,,,0.31,0.683,4780,4780,0.31,0.69,4.66,0.05,0.4
HAT-P-11 c,http://svo2.cab.inta-csic.es/vocats/v2/exostars/fichas/?id=221,BD+47  2936,HAT-P-11,297.7093621,48.0808614,,3407,4.13,0.601,,143.7,,,,0.31,0.683,4780,4780,0.31,0.69,4.66,,
Kepler-786 b,http://svo2.cab.inta-csic.es/vocats/v2/exostars/fichas/?id=356,KOI-1199.01,Kepler-786 b,293.7439487,38.93926744,0.217,53.5293487,,,,,,,12.706,0.09,0.74,4838,,,,,,
Kepler-61 b,http://svo2.cab.inta-csic.es/vocats/v2/exostars/fichas/?id=345,Kepler-61,Kepler-61,295.3045074,42.47527421,0.192,59.87756,0.27,0.25,89.8,,2454984.188,,,0.03,0.62,4017,,,,,,
Kepler-125 b,http://svo2.cab.inta-csic.es/vocats/v2/exostars/fichas/?id=280,KOI-251,Kepler-125,298.2581059,47.60495737,0.211,4.164389,0.041,,,,,,11.682,0.126,0.51,3810,,,,,,
Kepler-125 c,http://svo2.cab.inta-csic.es/vocats/v2/exostars/fichas/?id=281,KOI-251,Kepler-125,298.2581059,47.60495737,0.066,5.774464,0.051,,,,,,11.682,0.126,0.51,3810,,,,,,
Kepler-32 b,http://svo2.cab.inta-csic.es/vocats/v2/exostars/fichas/?id=324,KOI-952,Kepler-32,297.8423926,46.57427492,0.37,5.90124,0.05,,,,2454974.902,,,,0.53,3900,,,,,,
Kepler-32 c,http://svo2.cab.inta-csic.es/vocats/v2/exostars/fichas/?id=325,KOI-952,Kepler-32,297.8423926,46.57427492,0.33,8.7522,0.09,,,,2454977.378,,,,0.53,3900,,,,,,
Kepler-249 b,http://svo2.cab.inta-csic.es/vocats/v2/exostars/fichas/?id=315,KOI-899,Kepler-249,296.9851006,43.65852884,0.097,3.306539,0.035,,,,,,11.966,0.221,0.48,3568,,,,,,
Kepler-249 c,http://svo2.cab.inta-csic.es/vocats/v2/exostars/fichas/?id=316,KOI-899,Kepler-249,296.9851006,43.65852884,0.135,7.113702,0.058,,,,,,11.966,0.221,0.48,3568,,,,,,
Kepler-249 d,http://svo2.cab.inta-csic.es/vocats/v2/exostars/fichas/?id=317,KOI-899,Kepler-249,296.9851006,43.65852884,0.14,15.368459,0.097,,,,,,11.966,0.221,0.48,3568,,,,,,
Kepler-1625 b,http://svo2.cab.inta-csic.es/vocats/v2/exostars/fichas/?id=407,Kepler-1625,KOI-5084,295.429334,39.88652749,0.6,287.378949,,,,,,,13.916,0.01,1.793,5677,,,,,,
Kepler-1485 b,http://svo2.cab.inta-csic.es/vocats/v2/exostars/fichas/?id=293,Kepler-18,Kepler-18,298.0794534,44.74633542,0.131,19.9157725,,,,,,,,0.2,1.108,5383,,,,,,
Kepler-18 b,http://svo2.cab.inta-csic.es/vocats/v2/exostars/fichas/?id=295,Kepler-18,Kepler-18,298.0794534,44.74633542,0.1784283673,3.504725,0.0447,,84.92,,2454966.5068,,,0.2,1.108,5383,,,,,,
Kepler-18 c,http://svo2.cab.inta-csic.es/vocats/v2/exostars/fichas/?id=296,Kepler-18,Kepler-18,298.0794534,44.74633542,0.4888937263,7.64159,0.0752,,87.68,,2455167.0883,,,0.2,1.108,5383,,,,,,
Kepler-18 d,http://svo2.cab.inta-csic.es/vocats/v2/exostars/fichas/?id=297,Kepler-18,Kepler-18,298.0794534,44.74633542,0.6218228599,14.85888,0.1172,,88.07,,2455169.1776,,,0.2,1.108,5383,,,,,,
Kepler-11 b,http://svo2.cab.inta-csic.es/vocats/v2/exostars/fichas/?id=274,KOI-157,KEPLER-11,297.115123,41.909138,0.1605855305,10.30375,0.091,,88.5,,2454971.5052,,,,1.1,5680,,,,,,
Kepler-11 c,http://svo2.cab.inta-csic.es/vocats/v2/exostars/fichas/?id=275,KOI-157,KEPLER-11,297.115123,41.909138,0.256044707,13.02502,0.106,,89,,2454971.1748,,,,1.1,5680,,,,,,
Kepler-11 d,http://svo2.cab.inta-csic.es/vocats/v2/exostars/fichas/?id=276,KOI-157,KEPLER-11,297.115123,41.909138,0.2783482529,22.68719,0.159,,89.3,,2454981.455,,,,1.1,5680,,,,,,
Kepler-11 e,http://svo2.cab.inta-csic.es/vocats/v2/exostars/fichas/?id=277,KOI-157,KEPLER-11,297.115123,41.909138,0.374,31.9959,0.194,,88.8,,2454987.159,,,,1.1,5680,,,,,,
Kepler-11 f,http://svo2.cab.inta-csic.es/vocats/v2/exostars/fichas/?id=278,KOI-157,KEPLER-11,297.115123,41.909138,0.2221433172,46.68876,0.25,,89.4,,2454964.6487,,,,1.1,5680,,,,,,
Kepler-11 g,http://svo2.cab.inta-csic.es/vocats/v2/exostars/fichas/?id=279,KOI-157,KEPLER-11,297.115123,41.909138,0.3274,118.37774,0.462,,89.8,,2455120.2901,,,,1.1,5680,,,,,,
WASP-79 b,http://svo2.cab.inta-csic.es/vocats/v2/exostars/fichas/?id=401,CD-30  1812,WASP-79,66.3709008,-30.6004453,1.7,3.6623817,0.0539,,85.4,,2455545.23479,,,0.03,1.64,6600,6600,0.03,1.91,4.06,0.05,2.09
Kepler-448 b,http://svo2.cab.inta-csic.es/vocats/v2/exostars/fichas/?id=330,KOI-12,Kepler-448,297.4537228,41.01100766,1.43,17.8552333,0.151,,88.95,,,,,,1.63,6820,,,,,,
Kepler-79 b,http://svo2.cab.inta-csic.es/vocats/v2/exostars/fichas/?id=357,Kepler-79,Kepler-79,300.517108,44.381556,0.309568,13.4845,0.117,0.015,88.78,,,,,,1.302,6174,,,,,,
Kepler-79 c,http://svo2.cab.inta-csic.es/vocats/v2/exostars/fichas/?id=358,Kepler-79,Kepler-79,300.517108,44.381556,0.332,27.4029,0.187,0.03,89.48,,,,,,1.302,6174,,,,,,
Kepler-79 d,http://svo2.cab.inta-csic.es/vocats/v2/exostars/fichas/?id=359,Kepler-79,Kepler-79,300.517108,44.381556,0.64,52.0902,0.287,0.025,89.93,,,,,,1.302,6174,,,,,,
Kepler-79 e,http://svo2.cab.inta-csic.es/vocats/v2/exostars/fichas/?id=360,Kepler-79,Kepler-79,300.517108,44.381556,0.312,81.0659,0.386,0.012,89.13,,,,,,1.302,6174,,,,,,
CoRoT-2 b,http://svo2.cab.inta-csic.es/vocats/v2/exostars/fichas/?id=209,CoRoT-2,CoRoT-2,291.777067,1.383717,1.465,1.7429964,0.0281,,87.84,,2454706.4041,,,-0.04,0.902,5575,,,,,,
WASP-67 b,http://svo2.cab.inta-csic.es/vocats/v2/exostars/fichas/?id=397,TYC 6307-1388-1,WASP-67,295.7438357,-19.9495925,1.4,4.61442,0.0517,,85.8,,2455824.3742,,,-0.07,0.87,5200,5417,0.18,0.82,4.53,0.05,1.09
EPIC-210490365 b,http://svo2.cab.inta-csic.es/vocats/v2/exostars/fichas/?id=210,UCAC4 527-008015,EPIC 210490365,63.27335,15.247783,0.306,3.484552,,0.27,88.32,62.1,2457062.57935,,,0.15,0.295,3180,,,,,,
HAT-P-41 b,http://svo2.cab.inta-csic.es/vocats/v2/exostars/fichas/?id=232,TYC  488-2442-1,HAT-P-41,297.3226596,4.6724342,1.685,2.694047,0.0426,,87.7,,2454983.86167,,,0.13,1.19,6479,6390,0.21,1.68,4.14,0.04,1.69
HD 189733 b,http://svo2.cab.inta-csic.es/vocats/v2/exostars/fichas/?id=238,HD 189733,HD 189733,300.1821367,22.7108539,1.138,2.21857312,0.03142,0.0041,85.51,90,2453988.80336,,,-0.03,0.805,4875,5050,-0.03,0.75,4.61,0.03,1.15
HD 219134 b,http://svo2.cab.inta-csic.es/vocats/v2/exostars/fichas/?id=240,HD 219134,HD 219134,348.3207347,57.1683562,0.14292,3.0931,0.038474,,85.058,,2457126.7001,,,0.11,0.778,4699,,,,,,
HD 219134 c,http://svo2.cab.inta-csic.es/vocats/v2/exostars/fichas/?id=241,HD 219134,HD 219134,348.3207347,57.1683562,,6.7635,0.064816,,,,,,,0.11,0.778,4699,,,,,,
HD 219134 d,http://svo2.cab.inta-csic.es/vocats/v2/exostars/fichas/?id=242,HD 219134,HD 219134,348.3207347,57.1683562,,46.71,0.23508,,,,,,,0.11,0.778,4699,,,,,,
HD 219134 e,http://svo2.cab.inta-csic.es/vocats/v2/exostars/fichas/?id=243,HD 219134,HD 219134,348.3207347,57.1683562,,1842,2.56,0.34,,345.42,,,,0.11,0.778,4699,,,,,,
HD 219134 g,http://svo2.cab.inta-csic.es/vocats/v2/exostars/fichas/?id=244,HD 219134,HD 219134,348.3207347,57.1683562,,94.2,0.3753,,,,,,,0.11,0.778,4699,,,,,,
HD 219134 h,http://svo2.cab.inta-csic.es/vocats/v2/exostars/fichas/?id=245,HD 219134,HD 219134,348.3207347,57.1683562,,2198,3.064,0.37,,180,,,,0.11,0.778,4699,,,,,,
WASP-80 b,http://svo2.cab.inta-csic.es/vocats/v2/exostars/fichas/?id=402,TYC 5165-481-1,WASP-80,303.1673565,-2.1442206,0.952,3.0678504,0.0346,0.07,89.92,,2456125.41751,,8.351,-0.14,0.63,4145,4145,-0.14,0.59,4.67,0.03,0.99
WASP-74 b,http://svo2.cab.inta-csic.es/vocats/v2/exostars/fichas/?id=399,BD-01  3943,WASP-74,304.5388383,-1.0757203,1.404,2.1377445,0.03443,,79.86,,2457173.87198,,,0.39,1.64,5970,5990,0.39,1.64,4.18,0.04,1.56
HAT-P-32 b,http://svo2.cab.inta-csic.es/vocats/v2/exostars/fichas/?id=230,TYC 3281-800-1,HAT-P-32,31.0428292,46.6878378,1.789,2.150008,0.0343,0.0072,88.9,96,2455855.57877,,,-0.16,1.387,6001,6207,-0.04,1.22,4.33,0.03,1.79
WASP-33 b,http://svo2.cab.inta-csic.es/vocats/v2/exostars/fichas/?id=389,HD 15082,WASP-33,36.7127433,37.5504822,1.603,1.21986967,0.02558,,87.7,,2454590.17936,,,0.1,1.444,7400,7430,0.1,1.51,4.27,0.03,1.68
WASP-18 b,http://svo2.cab.inta-csic.es/vocats/v2/exostars/fichas/?id=385,HD 10069,WASP-18,24.354305,-45.6778814,1.165,0.9414518,0.02047,0.0088,86,269,2454221.48163,,,,1.23,6400,,,,,,
HAT-P-38 b,http://svo2.cab.inta-csic.es/vocats/v2/exostars/fichas/?id=231,GSC 02314-00559,HAT-P-38,35.383,32.24633,0.825,4.640382,0.0523,0.067,88.3,240,2455863.11957,,,0.06,0.923,5330,,,,,,
HAT-P-17 b,http://svo2.cab.inta-csic.es/vocats/v2/exostars/fichas/?id=225,TYC 2717-417-1,HAT-P-17,324.5363771,30.4887369,1.01,10.338523,0.0882,0.346,89.2,201,2454804.246,,,,0.837,5246,5246,,0.84,4.52,0.09,1.01
HAT-P-17 c,http://svo2.cab.inta-csic.es/vocats/v2/exostars/fichas/?id=226,TYC 2717-417-1,HAT-P-17,324.5363771,30.4887369,,1798,2.75,0.1,,155,,,,,0.837,5246,5246,,0.84,4.52,,
WASP-69 b,http://svo2.cab.inta-csic.es/vocats/v2/exostars/fichas/?id=398,BD-05  5432,WASP-69,315.0258199,-5.0944526,1.057,3.8681382,0.04525,,86.71,,2455748.83344,,,0.144,0.813,4715,4700,0.15,0.81,4.54,0.05,1.06
WASP-4 b,http://svo2.cab.inta-csic.es/vocats/v2/exostars/fichas/?id=391,TYC 8017-108-1,WASP-4,353.5628619,-42.0614035,1.395,1.33823187,0.02312,,88.8,,2454823.59192,,,-0.03,1.15,5500,5540,-0.03,0.91,4.49,0.02,1.36
HAT-P-1 b,http://svo2.cab.inta-csic.es/vocats/v2/exostars/fichas/?id=219,BD+37  4734B,HAT-P-1,344.445183,38.675092,1.319,4.46529976,0.05561,0.067,85.634,360,2453979.93202,,,0.13,1.174,5980,5975,0.13,1.17,4.36,0.06,1.32
WASP-29 b,http://svo2.cab.inta-csic.es/vocats/v2/exostars/fichas/?id=387,TYC 8015-1020-1,WASP-29,357.8795163,-39.9067397,0.8412897516,3.922727,0.0457,0.03,88.8,,2455320.2431,,,0.11,0.846,4800,4875,0.11,0.81,4.54,0.05,0.78
KELT-1 b,http://svo2.cab.inta-csic.es/vocats/v2/exostars/fichas/?id=261,TYC 2785-2130-1,KELT-1,0.3621692,39.3838258,1.15,1.217514,0.02472,0.01,87.6,61,2455914.1628,,,0.052,1.471,6516,,,,,,
HD 209458 b,http://svo2.cab.inta-csic.es/vocats/v2/exostars/fichas/?id=239,V* V376 Peg,HD 209458,330.7948867,18.8843194,1.38,3.52472,0.04747,0.0082,86.59,43.8,2453344.76824,,,0.02,1.203,6092,6117,0.02,1.16,4.37,0.05,1.38
K2-55 b,http://svo2.cab.inta-csic.es/vocats/v2/exostars/fichas/?id=260,K2-55,K2-55,333.7519353,-17.25070505,0.3952,2.849275,0.0347,0.124,88,195,2456983.4229,,,0.376,0.715,4300,,,,,,
WASP-76 b,http://svo2.cab.inta-csic.es/vocats/v2/exostars/fichas/?id=400,BD+01   316,WASP-76,26.6327458,2.7005736,1.83,1.809886,0.033,,88,,2456107.85507,,,0.23,1.73,6250,6250,0.23,1.73,4.13,0.03,1.83
WASP-6 b,http://svo2.cab.inta-csic.es/vocats/v2/exostars/fichas/?id=394,TYC 6972-75-1,WASP-6,348.1572417,-22.6739614,1.224,3.361006,0.0421,0.054,88.47,1.7,,,,-0.2,0.87,5450,5375,-0.2,0.86,4.49,0.04,1.23
WASP-52 b,http://svo2.cab.inta-csic.es/vocats/v2/exostars/fichas/?id=393,WASP-52,WASP-52,348.49483,8.76128,1.27,1.7497798,0.0272,,85.35,,2455793.68143,,,0.03,0.79,5000,5000,0.03,0.79,4.55,0.03,1.25
TRAPPIST-1 b,http://svo2.cab.inta-csic.es/vocats/v2/exostars/fichas/?id=367,2MASS J23062928-0502285,TRAPPIST-1,346.62233,-5.04144,0.09689,1.51087081,0.01111,,89.65,,2457322.51736,,,0.04,0.117,2560,,,,,,
TRAPPIST-1 c,http://svo2.cab.inta-csic.es/vocats/v2/exostars/fichas/?id=368,2MASS J23062928-0502285,TRAPPIST-1,346.62233,-5.04144,0.09421,2.4218233,0.01521,,89.67,,2457282.80728,,,0.04,0.117,2560,,,,,,
TRAPPIST-1 d,http://svo2.cab.inta-csic.es/vocats/v2/exostars/fichas/?id=369,2MASS J23062928-0502285,TRAPPIST-1,346.62233,-5.04144,0.0689,4.04961,0.02144,,89.75,,2457670.14165,,,0.04,0.117,2560,,,,,,
TRAPPIST-1 e,http://svo2.cab.inta-csic.es/vocats/v2/exostars/fichas/?id=370,2MASS J23062928-0502285,TRAPPIST-1,346.62233,-5.04144,0.0819,6.099615,0.02817,,89.86,,2457660.37859,,,0.04,0.117,2560,,,,,,
TRAPPIST-1 f,http://svo2.cab.inta-csic.es/vocats/v2/exostars/fichas/?id=371,2MASS J23062928-0502285,TRAPPIST-1,346.62233,-5.04144,0.09323,9.20669,0.0371,,89.68,,2457671.39767,,,0.04,0.117,2560,,,,,,
TRAPPIST-1 g,http://svo2.cab.inta-csic.es/vocats/v2/exostars/fichas/?id=372,2MASS J23062928-0502285,TRAPPIST-1,346.62233,-5.04144,0.1005,12.35294,0.0451,,89.71,,2457665.34937,,,0.04,0.117,2560,,,,,,
TRAPPIST-1 h,http://svo2.cab.inta-csic.es/vocats/v2/exostars/fichas/?id=373,2MASS J23062928-0502285,TRAPPIST-1,346.62233,-5.04144,0.0674,20,0.063,,89.8,,2457662.55463,,,0.04,0.117,2560,,,,,,
HD 3167 b,http://svo2.cab.inta-csic.es/vocats/v2/exostars/fichas/?id=246,HD   3167,HD 3167,8.73968386,4.38146805,0.152,0.959641,0.01815,,83.4,,2457394.37454,,,,0.828,5367,,,,,,
HD 3167 c,http://svo2.cab.inta-csic.es/vocats/v2/exostars/fichas/?id=247,HD   3167,HD 3167,8.73968386,4.38146805,0.269,29.8454,0.1795,0.267,89.3,180,2457394.9788,,,,0.828,5367,,,,,,
HD 3167 d,http://svo2.cab.inta-csic.es/vocats/v2/exostars/fichas/?id=248,HD   3167,HD 3167,8.73968386,4.38146805,,8.492,0.07757,0.36,,176,,,,,0.828,5367,,,,,,
GJ 9827 b,http://svo2.cab.inta-csic.es/vocats/v2/exostars/fichas/?id=216,BD-02  5958,BD-02 5958,351.7701519,-1.28627266,0.146,1.2089819,0.0211,,85.8,,2457738.82671,,,-0.28,0.651,4255,,,,,,
GJ 9827 c,http://svo2.cab.inta-csic.es/vocats/v2/exostars/fichas/?id=217,BD-02  5958,BD-02 5958,351.7701519,-1.28627266,0.115,3.648086,0.044,,87.8,,2457738.55194,,,-0.28,0.651,4255,,,,,,
GJ 9827 d,http://svo2.cab.inta-csic.es/vocats/v2/exostars/fichas/?id=218,BD-02  5958,BD-02 5958,351.7701519,-1.28627266,0.186,6.201472,0.0627,,87.39,,2457740.96099,,,-0.28,0.651,4255,,,,,,
HIP 116454 b,http://svo2.cab.inta-csic.es/vocats/v2/exostars/fichas/?id=250,BD-00  4534,HIP 116454,353.9553542,0.4455122,0.226,9.1265,0.098,0.205,88.43,300.9,2456907.89,,,-0.16,0.716,5089,,,,,,
